Apple Music / iTunes,https://www.apple.com,
Spotify,https://www.spotify.com,
YouTube Music,https://www.youtube.com,
7digital,https://us.7digital.com,
Amazon,https://www.amazon.com,
AMI Entertainment,https://www.amentertainment.com,
Anghami,https://www.anghami.com,
Audible Magic,https://www.audiblemagic.com,Includes fulfillment + JPAY/GTL/Keefe/Turnkey/Broadtime
Audiomack,https://audiomack.com,
AWA,https://awa.fm,
Boomplay,https://www.boomplay.com,
Deezer,https://www.deezer.com,
Facebook,https://www.facebook.com,
Instagram,https://www.instagram.com,
Flo,https://www.music-flo.com,
iHeartRadio,https://www.iheart.com,
iMusica,https://www.imusicacorp.com.br,
Jaxsta Music,https://www.jaxsta.com,
JioSaavn,https://www.saavn.com,
Joox,https://www.joox.com,
KKBox,https://www.kkbox.com,
Kuack Media Group,https://www.kuackmedia.com,
LINE Music,https://music.line.me,
NetEase Cloud Music,,No direct link on page
Nuuday A/S,https://www.nuuday.com,
Pandora,https://www.pandora.com,
Qobuz,https://www.qobuz.com,
Taobao,https://world.taobao.com,
TIDAL,https://tidal.com,
TikTok,https://www.tiktok.com,
Trebel,https://home.trebel.io,
Bugs!,https://music.bugs.co.kr,
Hungama,https://www.hungama.com,
NAVER VIBE,https://vibe.naver.com,
YouTube Content ID,,No direct link on page
Zing,https://j-m.app,
TouchTunes,https://www.touchtunes.com,

A1 Xplore Music,,via iMusica
Claro Musica,,via iMusica
VIP Xplore Music,,via iMusica
Velcom Xplore Music,,via iMusica

Snapchat / Snap Inc.,,via 7Digital
Canva,,via 7Digital
7digital Download Store,,via 7Digital
Nightlife,,via 7Digital
Reward the World,,via 7Digital
NEC,,via 7Digital
Homewave,,via 7Digital
Electric Jukebox,,via 7Digital
Stationhead,,via 7Digital
Turntable Live,,via 7Digital
Soundtrack Your Brand,,via 7Digital
Grandpad,,via 7Digital

Lola,,via Kuack Media
Bitel Peru,,via Kuack Media
Digicel,,via Kuack Media
Movistar Musica,,via Kuack Media
Orange Dominican Republic,,via Kuack Media
Virgin Mobile Colombia,,via Kuack Media
Viva Musica,,via Kuack Media
Vodafone Zambia,,via Kuack Media
